{"epoch/box_loss":1.4038987159729004,"_step":4,"epoch/epoch":1,"epoch/loss":85.1289291381836,"_wandb":{"runtime":3401},"epoch/val_loss":422.7258605957031,"_timestamp":1.763330365459976e+09,"_runtime":2341.960141196,"Prediction":{"captions":["Base truth","Compare","Prediction epoch - 1"],"_type":"images/separated","width":1024,"height":1024,"format":"png","count":3,"filenames":["media/images/Prediction_4_2a45b34a1bb4feac537d.png","media/images/Prediction_4_6813f3bdd352ff4476e1.png","media/images/Prediction_4_2bd8e9a786cdf6faca47.png"]},"epoch/learning_rate":0.0003000000142492354,"epoch/class_loss":83.72502899169922,"epoch/val_class_loss":417.5105285644531,"epoch/val_box_loss":5.215357780456543}