{"epoch/loss":70.60845184326172,"epoch/epoch":2,"_timestamp":1.7633195142479362e+09,"epoch/learning_rate":0.0003000000142492354,"Prediction":{"format":"png","count":3,"filenames":["media/images/Prediction_6_a01578d0db807d848e98.png","media/images/Prediction_6_74d777a73ce1c276f08e.png","media/images/Prediction_6_85c40578ecaa4e527a52.png"],"captions":["Base truth","Compare","Prediction epoch - 2"],"_type":"images/separated","width":1024,"height":1024},"epoch/box_loss":1.4120347499847412,"_step":6,"epoch/val_class_loss":240.04554748535156,"epoch/val_loss":245.27490234375,"epoch/val_box_loss":5.229314804077148,"epoch/class_loss":69.1964111328125,"_wandb":{"runtime":4436},"_runtime":3548.828336073}