{"Prediction":{"count":3,"filenames":["media/images/Prediction_79_85b0d95e718ce66be944.png","media/images/Prediction_79_09f55241aa454c701141.png","media/images/Prediction_79_c0f2ed8c016b69eb9198.png"],"captions":["Base truth","Compare","Prediction epoch - 39"],"_type":"images/separated","width":256,"height":256,"format":"png"},"epoch/learning_rate":0.0003000000142492354,"epoch/val_loss":4553.2314453125,"_wandb":{"runtime":5614},"_timestamp":1.7633847665659976e+09,"epoch/val_mae":62.89643096923828,"_runtime":5614.087791287,"epoch/epoch":39,"epoch/mae":52.0953254699707,"_step":80,"epoch/mse":3296.17529296875,"epoch/val_mse":4553.2314453125,"epoch/loss":5.471270561218262}