{"epoch/mse":4002.559814453125,"epoch/learning_rate":0.0003000000142492354,"_wandb":{"runtime":7317},"epoch/epoch":49,"Prediction":{"captions":["Base truth","Compare","Prediction epoch - 49"],"_type":"images/separated","width":256,"height":256,"format":"png","count":3,"filenames":["media/images/Prediction_99_f7d6c31c3a45e4802e5d.png","media/images/Prediction_99_2c3bceae964e06e7c7dc.png","media/images/Prediction_99_6e0db57e295b6d85ee52.png"]},"_step":100,"epoch/mae":56.926998138427734,"epoch/val_mse":5142.4892578125,"epoch/val_mae":65.9090576171875,"epoch/loss":5.622769355773926,"_runtime":7316.832294456,"_timestamp":1.7633232736779535e+09,"epoch/val_loss":5142.4892578125}